{
  "accuracy": 0.9743589743589743,
  "precision_macro": 0.9817966903073286,
  "recall_macro": 0.8557865892972276,
  "f1_macro": 0.9020838313809865,
  "per_class_accuracy": {
    "Good": 0.6,
    "Average": 0.9787234042553191,
    "Weak": 0.9886363636363636
  }
}