{
  "accuracy": 0.9572649572649573,
  "precision_macro": 0.9573372263430743,
  "recall_macro": 0.9572649572649573,
  "f1_macro": 0.9571201098894343,
  "per_class_accuracy": {
    "Good": 0.9871794871794872,
    "Average": 0.9230769230769231,
    "Weak": 0.9615384615384616
  }
}