{
  "accuracy": 0.9487179487179487,
  "precision_macro": 0.9485343104596936,
  "recall_macro": 0.9487179487179488,
  "f1_macro": 0.9485482670196047,
  "per_class_accuracy": {
    "Good": 0.9743589743589743,
    "Average": 0.9102564102564102,
    "Weak": 0.9615384615384616
  }
}