{
  "accuracy": 0.9572649572649573,
  "precision_macro": 0.95755100433463,
  "recall_macro": 0.9572649572649573,
  "f1_macro": 0.9572283130408511,
  "per_class_accuracy": {
    "Good": 0.9743589743589743,
    "Average": 0.9230769230769231,
    "Weak": 0.9743589743589743
  }
}