{
  "accuracy": 0.9658119658119658,
  "precision_macro": 0.974287236877165,
  "recall_macro": 0.9768160326670965,
  "f1_macro": 0.9754949170679508,
  "per_class_accuracy": {
    "Good": 1.0,
    "Average": 0.9645390070921985,
    "Weak": 0.9659090909090909
  }
}