Metric,Pareto_Mean,Pareto_Std,NonPareto_Mean,NonPareto_Std,Improvement
LCP,1.2,1.3038404810405297,10396.129065456109,15027.909852976845,99.98845724218654
FID,1477.3865,828.5392735541418,5479.672977912221,2433.313779011514,73.03878340997476
CLS,1051.1329,1250.5141296930835,780204.5242944481,3018384.824833841,99.86527469820167
