{"loss": [2527711199232.0, 2527706480640.0, 2527693373440.0, 2527663751168.0, 2527606341632.0, 2527509872640.0, 2527362023424.0, 2527150997504.0, 2526864998400.0, 2526492753920.0, 2526024302592.0, 2525450731520.0, 2524762865664.0, 2523952316416.0, 2523012005888.0, 2521932759040.0, 2520709070848.0, 2519333601280.0, 2517800058880.0, 2516102152192.0, 2514234114048.0, 2512190177280.0, 2509964836864.0, 2507552325632.0, 2504948449280.0, 2502149275648.0, 2499150610432.0, 2495949570048.0, 2492543008768.0, 2488928567296.0], "mae": [201991.25, 201989.84375, 201986.4375, 201979.359375, 201968.125, 201954.359375, 201934.921875, 201905.53125, 201862.359375, 201800.609375, 201713.75, 201596.828125, 201449.1875, 201274.359375, 201088.171875, 200900.734375, 200715.390625, 200537.453125, 200378.453125, 200231.09375, 200088.25, 199935.6875, 199768.34375, 199579.140625, 199366.53125, 199131.21875, 198871.0, 198583.96875, 198271.84375, 197943.609375], "val_loss": [1979441086464.0, 1979433484288.0, 1979413823488.0, 1979372404736.0, 1979297693696.0, 1979177893888.0, 1979001339904.0, 1978755448832.0, 1978429210624.0, 1978012270592.0, 1977494405120.0, 1976867487744.0, 1976122212352.0, 1975250845696.0, 1974245785600.0, 1973099560960.0, 1971805224960.0, 1970356879360.0, 1968748101632.0, 1966972731392.0, 1965025001472.0, 1962899537920.0, 1960590442496.0, 1958093258752.0, 1955403661312.0, 1952517980160.0, 1949432676352.0, 1946144997376.0, 1942652190720.0, 1938953338880.0], "val_mae": [209311.84375, 209309.21875, 209303.09375, 209291.109375, 209275.3125, 209256.109375, 209227.953125, 209187.03125, 209126.1875, 209038.75, 208921.578125, 208773.890625, 208603.203125, 208409.890625, 208199.203125, 207996.3125, 207797.703125, 207615.859375, 207436.875, 207260.65625, 207082.015625, 206896.25, 206700.59375, 206477.703125, 206226.484375, 205944.21875, 205632.65625, 205291.640625, 204923.21875, 204530.296875]}