{
  "accuracy": 0.9786324786324786,
  "precision_macro": 0.9840021401819156,
  "recall_macro": 0.985332043842682,
  "f1_macro": 0.9846526060411095,
  "per_class_accuracy": {
    "Good": 1.0,
    "Average": 0.9787234042553191,
    "Weak": 0.9772727272727273
  }
}