{
  "accuracy": 0.9444444444444444,
  "precision_macro": 0.9450643437055132,
  "recall_macro": 0.9444444444444445,
  "f1_macro": 0.9437683789906153,
  "per_class_accuracy": {
    "Good": 0.9871794871794872,
    "Average": 0.8717948717948718,
    "Weak": 0.9743589743589743
  }
}