{
  "accuracy": 0.9700854700854701,
  "precision_macro": 0.9702184235517568,
  "recall_macro": 0.9700854700854701,
  "f1_macro": 0.9699131386145815,
  "per_class_accuracy": {
    "Good": 0.9743589743589743,
    "Average": 0.9358974358974359,
    "Weak": 1.0
  }
}