{
  "accuracy": 0.9658119658119658,
  "precision_macro": 0.965901934322987,
  "recall_macro": 0.9658119658119658,
  "f1_macro": 0.9657522505623772,
  "per_class_accuracy": {
    "Good": 0.9871794871794872,
    "Average": 0.9358974358974359,
    "Weak": 0.9743589743589743
  }
}